Ragam,URL
Mayamalavagowla,https://www.youtube.com/watch?v=zGrDSEDeCI0
Mayamalavagowla,https://www.youtube.com/watch?v=nnLAgrFF-m4
Kalyani,https://www.youtube.com/watch?v=b3cAxBu0pC8
Kalyani,https://www.youtube.com/watch?v=gKEuDEtmy_c
Kalyani,https://www.youtube.com/watch?v=vUq7JxEk5YE
Mayamalavagowla,https://www.youtube.com/watch?v=CF7L0nlV4v8
Shankarabaranam,https://www.youtube.com/watch?v=AazxDZLXP-c
Shankarabaranam,https://www.youtube.com/watch?v=ZONoUpUiO1A
Mayamalavagowla,https://www.youtube.com/watch?v=1LJqhV46ZEk
